sentence,start_time,end_time
Ik wil eigenlijk mijn penningmeesterschap overdraaien.,0.0,9.84
Wie stemt er op?,10.1,10.7
"Cecile, Malfik en Klaas.",10.7,12.94
En toen kreeg ik twee stemmen.,13.02,14.82
Terwijl ik totaal niet met geld om kan gaan.,15.2,16.98
Het gevaar schuilt hier dicht onder het wateroppervlak.,17.22,20.92
Drie jokers en min 500 euro.,24.24,27.8
"Ja zeg, dit is de hoofdvlees.",28.0,30.14
Daarboven staat een kist.,30.36,32.7
Dus ik weet zeker dat ik ze alle vier gehad heb.,32.72,34.26
"Maar twee schoten, hè?",34.26,34.86
"O, kwaad!",36.9,38.62
Wat geld!,39.72,41.16
Wat moet een mens zonder Ellie Lust?,41.34,44.04
Ellie.,44.48,45.14
Kwaad.,48.22,49.82
"Het lijkt wel een uitgebreid gezin, de kandidatengroep van dit jaar.",58.0,63.18
Lekker huiselijk rollen ze door het spel heen.,63.32,65.78
"Schone schijn misschien, want de openheid is ingeruild voor mysteries.",66.34,71.26
Er borrelt van alles onder het oppervlak dat het verse gezinsgeluk kan verstoren.,71.38,75.7
"Bij iedere afvaller die vertrekt, valt het afscheid de groep zwaarder.",76.0,80.12
Al leek Marjolein vooral perplex te staan dat juist politievrouw Ellie... na een glorieuze klimpartij het spel moest verlaten.,80.54,87.48
Weg als haar hoofdverdachte.,87.34,89.34
Of speelt de actrice dat?,90.1,91.36
En kiest ze geheel volgens eigen script gewoon weer een nieuwe netverdachte?,91.64,96.86
"Ja, ik heb hiernaar weg!",100.28,104.28
Het schoolverhaal met 18 jullen.,107.24,111.62
MUZIEK MUZIEK Altijd lekker geslapen.,117.34,159.42
Ik denk dat het komt door de gedachte dat jij zo dicht bij me bent.,160.34,163.04
Dat ik daardoor elke keer...,163.38,164.62
"Zo, dit is lang geleden.",165.7,168.14
Oud met Jim.,168.44,169.44
"De groep wordt kleiner, dus ze zitten dichter op de mol.",169.96,173.58
Maar de mol zit ook dichter op ons.,173.86,175.76
"Het zal allemaal meespelen, maar het feit is wel, we zijn nu met z'n zevenen.",175.34,180.28
En we zijn in aflevering vijf.,180.9,183.2
Dus we doen blijkbaar iets goed.,183.74,186.5
Vind je hier al iemand?,187.26,188.86
Nee.,188.86,189.94
Jij hebt al gestreken vanochtend.,190.36,192.12
Ik dacht het wel.,192.12,193.52
De stand mannen-vrouwen is op dit moment 4-3.,194.32,197.98
"En ik bedacht me opeens dat de vrouwen die over zijn, alle drie moeders zijn.",198.7,203.16
Misschien zijn wij eigenlijk de sterkste vrouwen van de groep geweest.,203.34,207.2
"De thee is hier niet, hè?",208.12,209.76
Het is al even water.,209.76,210.8
Ik blijf gewoon doen wat ik gedaan heb.,211.12,212.96
Want tot nu toe heeft dat dus blijkbaar gewerkt.,212.98,214.7
Ik heb heel goed opgelet.,214.8,216.52
Ik heb alles opgeschreven.,216.52,218.02
Ik ga kijken of ik het volhoud.,218.3,219.46
Ik ga ervoor.,219.46,220.2
Ik wil het volhouden.,220.2,221.32
Want ik zou het helemaal te gek vinden.,221.4,223.68
Maar ik probeer nu gewoon in het moment en per minuut te leven eigenlijk.,224.2,228.36
Ik dacht dat jij eruit was.,228.56,230.42
Zit je nog in het spel?,230.42,231.94
We doen het een beetje.,233.34,237.1
Ik ben nog steeds onderdeel van dit spel.,237.26,239.88
Ik heb ook het idee dat ik nog wel wat te spelen heb.,240.24,242.46
"Dus ja, ik heb zin in de volgende opdracht.",242.72,246.16
Kom maar op.,246.16,246.82
"Met je zin in, Tim?",247.42,248.54
In wat?,248.54,249.34
Gewoon vandaag.,249.46,250.38
Ja?,250.38,251.22
Ja?,251.22,251.68
"Nou, jij?",251.9,252.46
Ja hoor.,252.46,253.08
MUZIEK Wij kwamen aan met ons busje op Rincon Beach.,263.34,290.1
Eén van de mooiste stranden van het eiland.,290.22,292.0
"Een heel mooie kleur, lichtblauw water.",291.34,295.06
Het ziet er fantastisch uit.,295.32,296.8
En er liep een pad langs het strand waar je lekker kon wandelen.,297.28,300.02
Met palmen ernaast.,300.06,301.16
Maar we zagen ook dat er zeven fietsen stonden.,301.88,304.8
Goedemorgen.,305.2,306.2
Goedemorgen.,306.2,307.18
We gaan een lastige quiz spelen vanochtend.,307.66,310.72
Als jullie het handig spelen kunnen jullie de antwoorden bij elkaar fietsen.,311.3,314.74
Opnieuw stonden we op een prachtige strand.,315.2,316.98
En opnieuw stond daar Art in een strak gestreken outfit. en die vertelde ons dat we moesten gaan fietsen.,317.04,323.68
"Aan dit pad, we zien allemaal palmbomen... en aan sommige hangt het juiste antwoord op een vraag die ik ga stellen.",324.0,330.4
Er was een pad met bomen en aan die bomen hingen kaartjes... met de antwoorden op die vragen.,333.24,338.6
Kat in het bakkie.,338.94,339.84
Wij mochten naar die antwoorden toefietsen... en ze doorsignen met de portofoon.,339.84,343.3
Ik ga zo dadelijk naar de andere kant van de baai... en over tien minuten precies stel ik daar de eerste vraag.,343.56,349.18
De eerste vraag.,348.34,349.16
Het is vrij essentieel dus dat één van jullie op dat moment tegenover me staat om het juiste antwoord te geven.,349.16,354.96
"En dat krijg je door van je teamgenoten, als het goed is.",355.2,359.24
Vanaf dat moment stel ik elke minuut een nieuwe vraag.,359.48,363.12
"We zijn nog met z'n zevende, dus we hadden de sprinter.",363.4,365.64
Die moest dus gelijk binnen tien minuten bewaard zijn.,365.64,367.74
"En vervolgens zouden de andere zes, moesten dus allemaal eigenlijk twee enveloppen vinden om de antwoorden te geven.",368.16,374.38
De rest mag pas vijf minuten na de eerste fietser vertrekken.,374.38,378.1
"Ik ga nu alvast naar de andere kant van de baai, dan hebben jullie even de tijd om tactiek te bepalen.",378.34,382.76
Dus wij gingen nadenken over een tactiek.,383.68,387.6
En dat ging eigenlijk best wel soepeltjes.,387.84,389.3
Wie is de sprinter?,389.46,390.38
Jij bent de sprinter.,390.38,392.38
Taken had bedacht dat hij het snelste dat parcours zou kunnen afleggen.,393.18,397.4
"Bijarts zou kunnen zijn en ondertussen een beetje verkennen... waar die enveloppen hingen, hoe ze eruit zagen, of je duidelijk een cijfer kon zien.",397.74,405.54
"Als ik als Sprinter volg met jullie zes, gaan we vraag 1 tot en met 6 vinden.",405.34,408.7
"Vervolgens als vraag 1 geweest is, gaat 1 op zoek naar 7.",409.34,412.92
Ik snap het. 2 gaat op zoek naar 8.,413.02,414.68
Daar wacht je mee te omschrijven.,414.8,416.66
Snap je?,416.72,416.98
Pas als je je vraag beantwoordt.,416.98,417.94
En dan heb je gewoon vijf minuten tijd om die te vinden.,417.98,420.3
"Wij hadden een hele goede tactiek, ook bedacht door taken.",420.3,423.26
Dat we de snelste voorop zouden laten gaan en de langzaamste achter.,423.72,427.92
En die zou dan bij vraag nummer 1 blijven.,428.12,430.38
"En als die eerste vraag dan beantwoord was, kon diegene alweer op pad. om naar vraag zeven te gaan.",430.9,436.74
En op die manier zouden we zo had ze van antwoord één naar antwoord twaalf... alle antwoorden kunnen geven.,437.08,442.36
Ik hoop dat het een succes is.,442.92,445.2
"Doet hij dat goed, hè?",446.16,447.76
Het fietsen was best pittig.,449.34,451.48
"Want ja, in sommige stukken was het zand een stuk muller dan op andere plekken.",451.7,455.82
En dan merkt hij wel dat je wiel een beetje wegschoot en dat het een stukje zwaarder was.,455.94,459.32
Wat ik echt probeer te doen is harde stukken zand uit te kiezen.,459.4,462.28
"Ze gingen af en toe een beetje links rijden, af en toe een beetje rechts en een beetje gokken waar het goed te doen was.",462.2,466.24
"Hé, wacht even.",466.66,467.14
Taken staat te roepen als hij wat zag.,467.14,468.62
Hij heeft nog niks gezien dus.,468.88,470.32
Dus het is een eind die kant op.,470.38,471.7
"Taken zou zeggen, als hij ging fietsen, dat hij enveloppen zag.",472.12,476.4
"En dat duurde eigenlijk vrij lang, zodat hij riep, ja, ik heb er een gezien.",476.46,480.02
"Dus wij dachten, nou, dat duurt wel even.",480.1,481.8
Ik kan ze niet lezen.,484.52,486.06
"Het zijn dichte enveloppen, over.",486.06,487.64
"Ik had afgesproken dat ik op het moment dat ik een envelop zou zien, dat ik het nummer door zou geven via de portofoon.",487.6,493.06
"Alleen de eerste envelop die ik uiteindelijk zag en waar ik het doorgeef, lag vervolgens bijna in het zand met mijn snuffer.",493.42,498.78
Zie je ze goed hangen?,499.24,500.42
"Ja, je ziet ze goed hangen.",500.42,502.44
Dus heb ik maar doorgegeven dat ik ze niet meer kon helpen.,503.3,506.12
Omdat ik gewoon zoveel mogelijk kwaad wilde maken.,506.44,508.5
Want het zou toch balen zijn als ze tien minuten om zijn en er staat niemand bij Art.,508.68,512.8
En toen mochten wij vijf minuten later...,513.44,516.62
Taken en wij ook hadden geen enkel idee van de afstand die we moesten overbruggen.,517.6,529.9
Dus we gingen als dollen op pad.,530.02,532.68
Het was klaar voor de start af en wij zullen zo dwazend gaan fietsen.,532.84,536.7
Wat?,537.58,538.04
"Tim ging voorop, daarna Annemieke, daarna ik, daarna Klaas, daarna Marjolein en daarna Cécile.",538.46,544.68
"Hoewel ik heel goed kan fietsen en stevige kuiten heb, sloeg de schrik me om het hart, want van de top 3 van angsten is 1 rijden op de snelweg en invoegen, 2 aan een rotswand bungelen en 3 op een fiets.",547.6,561.0
Snel rijden door zand of door kiezels.,561.0,563.14
Ik durf dat gewoon niet.,563.14,564.38
Achteraf gezien denk ik dat ik wellicht iets rustiger had kunnen fietsen.,591.0,594.58
En misschien iets meer om me heen had kunnen kijken.,594.98,596.64
"Want ja, ik was ruim binnen de tijd bij Art.",596.82,598.94
Taken.,599.34,599.84
Goedemiddag.,599.84,601.04
Het verrast mij niet dat jij de eerste bent.,601.14,602.78
"Ja, ze denken toch dat ik fietsen leuk vind schijnbaar.",603.84,605.92
Dikke vijf minuten over gedaan.,606.02,607.14
Je mag melden dat je er bent.,607.14,608.34
Ik ben bij het ijsbrug.,608.88,610.4
Over.,610.4,610.84
Heel goed.,613.02,614.56
Succes.,614.56,615.08
Zet hem op.,615.08,615.6
Taken was ruim op tijd bij Art.,616.48,618.14
Maar die heeft ons heel weinig informatie gegeven.,618.14,621.74
Ik heb een porto gevonden.,622.38,624.16
Wie heeft hem wel?,624.16,625.3
"Wat ik opvallend vond, is dat ik een portofoon aantrof.",626.36,629.58
Echt midden op het pad.,629.64,630.42
Heel opvallend.,630.42,631.3
Waar is hij dan?,632.78,633.76
"Ik heb hem ook gezien, Tim.",634.62,636.18
Ik kan geen twee dingen tegelijk.,637.04,639.02
En porto en fietsen.,639.02,640.2
Mijn paar ogen was best relevant.,643.24,645.84
Want ik reed vooraan en ik moest coördineren.,645.94,647.74
"Coördineren, jongens, hier is envelop 1, want ik kwam ze als eerste tegen.",647.14,650.08
"En hier twee, en hier drie, vier, vijf, zes, et cetera.",650.18,652.74
"Ik dacht, ik fiets achter Annemieke en Tim aan... en ik merk wel wanneer de eerste envelop komt.",653.16,658.94
"Fiets gevonden, Tim.",659.04,660.04
Heb je er één?,660.66,661.94
Is dit de eerste?,661.94,662.88
"Ja, hier hangt een envelop.",662.96,664.06
Oké.,664.06,664.88
Hier zit er één.,665.12,666.06
Eén.,666.06,666.8
"Maar ik geloof dat dat envelop zeven was, dus we hadden er al best wel wat gemist.",667.54,671.92
Envelop!,672.0,672.52
"Dat is die voor Cecile, ja?",672.52,673.84
"De eerste, ja.",674.5,676.08
"Maar wacht even, waar is 1 tot en met 6 dan gebleven?",675.96,679.12
Die hadden we niet gezien.,679.3,680.22
Nummer 8.,681.94,682.9
We hebben nog één minuut voor de eerste vraag voor envelop 1.,683.18,686.52
Nog één minuut over.,686.68,687.72
Klaas!,687.82,688.68
"Annemiek, mijn porto is verdwenen!",689.56,692.04
Serieus!,692.44,693.24
Verdacht is bij elke opdracht Marjolein.,693.72,696.76
"Als ik mijn porto verlies, ga ik terug om mijn porto te pakken.",697.02,702.24
Marjolein fietst door om aan mij te vertellen dat ze geen porto meer heeft.,701.96,707.12
Komt de eerste vraagtake.,709.42,711.08
Vraag 1.,711.08,712.3
Wat is de lokale lekkernij van de Dominicaanse Republiek?,712.84,715.94
"Vraag 1 is, wat is de lokale lekkernij van de Dominicaanse Republiek?",716.5,720.36
Envelop 1.,720.46,721.12
"Vraag 1, over.",721.12,722.16
"Ik heb geen antwoord, over.",723.26,724.7
Niemand?,724.7,725.4
Ik heb ook geen antwoord.,726.02,727.3
"Nou, eh, niemand.",727.96,729.96
"Tijd is om taken, helaas.",729.96,731.2
Envelop 1 hoeft niet meer gevonden te worden.,732.06,734.06
We gaan door naar envelop 2.,734.08,735.08
Over.,735.08,735.46
Envelop 1 was dus niet gevonden.,736.12,737.4
En eigenlijk hetzelfde geldt voor envelop 2.,737.5,740.18
Niemand bij envelop 2.,740.34,741.44
Staat er iemand bij envelop 2?,741.66,743.38
Niemand.,744.4,745.22
"Ik zie geen envelop, hoor.",745.22,746.76
"Ik neem aan dat die stilte betekent... nee, niemand is bij envelop 2.",747.5,751.86
Over.,751.86,752.24
Ik denk dat we goede conclusies maken.,753.06,754.84
Geen antwoord?,755.42,756.22
"Nee, wederom niks.",756.22,757.2
Jammer.,757.28,757.54
Tweede vraag ook niet.,757.54,758.58
We waren eigenlijk al veel te ver voor die eerste paar enveloppen.,758.96,762.18
Enveloppe 3.,762.54,763.22
Is iemand bij enveloppe 3?,763.22,764.36
Over?,764.36,764.76
"Nee, over.",765.34,765.92
"Ja, Tim die vooraan fietste.",766.34,768.22
"Ja, weet ik veel waar hij op gelet heeft.",768.84,770.7
Maar in ieder geval niet op de eerste antwoorden.,770.76,772.98
Is dit de eerste enveloppe?,773.46,774.66
Nee.,774.66,775.06
Ik heb helemaal geen enveloppe gezien.,775.8,777.38
Ze zijn er wel geweest.,777.9,778.92
Je bent bij de eerste enveloppe.,778.92,779.92
Ik kijk naar de front en ik niet val.,779.94,781.58
Ik kwam Cecile op een gegeven moment tegen.,781.94,783.78
"Ik zeg, heb jij nog wat gezien?",784.14,785.3
"Ja, het pad, want ik wil niet vallen.",785.44,787.3
Is er iemand bij envelop nr. 4?,787.2,789.86
Ik sta naast klas nr. 9.,790.02,791.56
Ik loop even verder.,791.56,792.58
Nee.,793.18,793.6
"Ik ga naar 8 fietsen, want die komt eerst.",794.06,796.96
Dan trek ik wederom de conclusie dat niemand bij de envelop is.,798.04,800.74
Over.,800.74,801.12
Niemand vond eigenlijk wat.,801.44,802.66
Het kwam eigenlijk omdat de tijd ons eigenlijk inhaalde.,802.66,806.24
"Ondertussen was Cecile bij mij gekomen, dus ik was weer een beetje communicabel.",806.6,813.12
Vraag nr. 5.,813.3,814.24
Staat iemand bij envelop nr. 5?,814.24,815.8
Over.,815.8,816.24
"Ja, ik, Marjolein.",816.2,817.88
"Marjolein, wat is het antwoord op vraag 5?",817.88,820.0
"Ik sta bij boom nummer 5, maar ik zie nog geen envelop.",820.22,822.44
Even kijken.,822.44,823.54
"Je hebt nog kleine 10 seconden, dus snel zoeken, over.",824.34,826.54
"Er is een boom genummerd nummer 5, maar er is geen envelop in de buurt.",827.32,830.92
"De nummers van de boom hebben er niks mee te maken, denk ik.",831.62,833.88
"Dus ik heb hem niet, over.",834.38,835.92
"Dat is heel jammer, over.",835.92,838.02
Ik bel weer m'n porto terug.,838.86,840.16
"Ja, moet ik wel doen als we geen antwoorden doorkrijgen.",841.16,843.72
Dan heb je de hele porto niet nodig.,843.72,844.9
"Vijf vragen gesteld, nog geen enkel antwoord binnen.",845.2,847.64
Tot nu toe gaan we nul voor vijf.,848.02,849.94
"Dat is niet helemaal waar we hier voor zijn, jongens.",849.94,851.78
"Kom op, even doorpieten graag.",851.86,853.26
Over.,853.26,853.9
Weet je nog waar acht en negen hangen?,854.24,855.68
Negen ben je voorbij gekomen.,855.84,857.16
Ik ga nu naar acht.,857.16,858.06
Hartstikke goed.,858.06,859.14
Moet er niet iemand bij negen blijven dan?,859.62,861.26
"Iemand moet bij envelop negen blijven, jongens.",861.64,863.9
Is dat die hier bij jou?,863.96,864.98
"Het is acht, maar negen is daar.",864.98,866.38
Het was een totale blamage.,866.54,869.12
Heb jij zes gezien?,870.88,872.82
Nee.,872.82,873.28
Ik heb voor 8 niks gezien.,874.2,875.56
"Ik sta bij 8 en ik blijf bij 8. 9 is achter mij, dus ik wacht heel eventjes.",875.8,879.56
We hebben de helft van de vraag gehad en nog nul antwoorden kunnen geven.,879.98,883.34
"Dus we zijn nu bij nummer 7. 7, over.",883.48,886.76
"Klaas hier, ik heb 7.",887.62,889.36
Bij envelop 7 hadden we eindelijk dat iemand stond bij de juiste envelop... en antwoord kon geven.,889.54,895.5
Wie werd door de Dominicanen jarenlang beschouwd als de Robin Hood van de Karimen?,895.54,900.32
Roberto Cofresi.,901.2,903.5
Antwoord Roberto Cofresi.,904.2,905.78
Dat antwoord is binnen de tijd binnen.,906.52,908.4
"De eerste punten zijn binnen, jongens.",909.26,911.24
"Dus Tim staat bij 8 en 9, dus nu moeten 10, 11 en 12 nog zitten.",911.4,915.18
Over.,915.36,915.68
"Zitten tot nu toe alle enveloppen, hier is Marjolein... zitten ze aan de bomen die pal aan de weg zitten of op verder weg?",917.08,923.18
"Pal aan de weg, bij mij in ieder geval.",923.7,925.68
Nog een keertje alsjeblieft.,926.22,927.44
Weg bij mij.,927.76,928.38
Even wachten.,929.2,930.34
Het begin valt weg van je tekst.,930.34,932.14
Hier Ellie.,932.62,933.38
Paul aan de weg.,934.26,935.22
"Marjolein, dank je wel.",936.2,937.64
Vraag nummer acht.,937.86,938.62
Wat bedoelen de Dominicanen als ze tegen je zeggen platano?,938.62,941.04
De tijd loopt nu.,941.14,941.94
"Tim, ik heb het antwoord op vraag acht nodig.",943.02,945.24
Vraag acht.,945.3,945.9
Op het envelopje staat...,947.3,948.86
Dat het lijkt alsof je een Dominicaan bent.,949.16,951.06
Dat het lijkt alsof je een Dominicaan bent.,951.42,953.2
Ik hoorde het.,953.2,953.84
Dat antwoord is binnen de tijd binnen.,953.92,955.52
Dat is binnen tijd en binnen door naar negen als de brandweer.,956.2,958.68
Oké.,958.96,959.86
Zullen we nog even daarheen gaan?,959.86,960.94
"Het laatste stuk, ja.",960.96,961.9
Dat heeft meer zin dan weer terug.,961.9,963.46
"Klaver, Roppenhoorn en Miek, weten jullie zeker dat hier verder terug niks is?",964.06,967.58
We zijn er eerder ook al langs gefietst.,968.5,970.12
We hebben echt niks gezien.,970.12,971.3
Nee.,972.18,972.38
Waar hier negen?,972.38,973.24
Ik ben bij acht en ik zie negen niet.,973.24,974.74
Welk strand wordt naast Playa Rincon aangewezen als het strand... waar Columbus voor het eerst voet aan wal zette op Hispaniola?,974.8,981.56
Dat is vraag nummer negen.,982.26,983.28
"Tim, mag ik het antwoord op vraag nummer negen?",983.28,986.08
"Negen niet, jongens.",986.2,988.14
Daar hebben we nog weinig aan.,988.14,990.08
"O, wacht, wacht, wacht.",990.16,991.04
Hebbes.,991.04,991.8
Hé.,992.4,992.64
Playa Las Flachas.,995.4,996.92
"Nog tien seconden, Taak.",1000.02,1002.06
Nog tien seconden.,1002.06,1003.62
Ik heb hem al gegeven.,1004.14,1005.32
Playa Las Flachas.,1005.92,1006.82
Nog eenmaal graag.,1006.82,1008.7
Playa Las Flachas.,1009.08,1011.76
Playa Las Flachas.,1011.94,1013.28
Net binnen de tijd.,1013.28,1014.58
"Heel goed Tim, net binnen tijd.",1014.2,1016.42
Over.,1016.42,1016.9
Wij zaten veel te moeilijk te denken.,1017.32,1019.82
Ik ben nog wel terug gefietst samen met Rob.,1020.1,1022.12
We zijn bij nummer 10.,1022.16,1022.88
Over.,1022.88,1023.24
Maar ook toen heb ik ze eigenlijk niet gezien.,1023.86,1026.02
"Taken, je bent toch niet de mol dat je alle enveloppen hebt meegenomen?",1026.16,1028.7
"Eh, waarschijnlijk niet Marjolein.",1029.68,1031.3
Over.,1031.3,1031.66
Ik snap er niks van dat we ze niet gezien hebben.,1032.12,1035.14
"Rob, we hebben envelop 5 gevonden.",1035.6,1038.48
Heel goed Rob.,1039.02,1040.28
"Mosterd, na de maaltijd.",1040.28,1041.38
Over.,1041.38,1041.76
Sorry.,1042.36,1042.86
Vraag 11 zijn we.,1044.2,1045.6
"Cecile, ik denk dat je iets wat ver bent.",1046.56,1048.32
Over.,1048.32,1048.76
Maar ik ben wel goed aan het kijken.,1050.66,1052.52
De tijd is om.,1052.64,1053.2
Dan zijn we alleen nog op zoek naar envelop nummer 12.,1053.2,1056.36
Vraag 12 moet er gewoon bij jou in de buurt aan het aankomen.,1057.48,1060.56
Nog vijf.,1060.76,1061.56
"Drie, twee, één.",1064.02,1066.06
Klaar.,1066.8,1067.46
"Nou, helaas.",1069.2,1070.38
Ik snap er helemaal niks van.,1070.38,1072.04
"Hoe kan het dat we zeven, acht en negen wel hebben?",1072.2,1074.96
Dat is toch een duidelijke volgorde.,1075.12,1076.66
"Maar tien, elf en twaalf niet.",1076.66,1078.48
"Nou, fietsen kunnen jullie wel.",1079.76,1082.94
Maar vragen beantwoorden?,1083.16,1084.3
Ze hingen gewoon langs het pad.,1084.3,1086.32
In volgorde.,1086.44,1087.26
"Eén, twee, drie, vier, tot en met twaalf.",1087.26,1089.9
Zeg dat dan.,1090.06,1090.72
Hoe moeilijk kan het zijn?,1090.72,1092.1
Het leek aanvankelijk een ontzettend simpele opdracht.,1092.4,1094.8
En toen bleek dat de nummers ook nog op volgorde hingen... was het helemaal een koud kunstje geweest als we die dingen maar hadden zien hangen.,1094.9,1101.3
Drie vragen heeft Taken beantwoord binnen de tijd.,1101.24,1104.04
Die waren alle drie goed. 200 euro per vraag is 600 euro voor de pot.,1104.28,1110.74
"Maar voor alle duidelijkheid, dat had dus 2400 euro voor de pot kunnen zijn.",1111.36,1116.8
Alsjeblieft.,1118.34,1120.26
Ik heb ze niet gezien.,1120.26,1124.26
Dus ik heb die eerste ook totaal niet gezien.,1124.26,1126.06
We hebben gewoon in een treintje achter Tim aangefietst.,1126.26,1128.66
"Iedereen kan natuurlijk zeggen, Tim, jij zat voorop, je had het moeten zien.",1129.24,1132.64
"Maar ja, 4 meter achter mij zat Annemiek en Rob die zat daarachter ook buiten gewoon goed te fietsen.",1132.68,1137.64
I don't know.,1137.72,1138.22
Oké.,1138.22,1138.68
Jammer.,1138.68,1139.2
Ja.,1139.88,1140.16
Hoeveel is het grand total nu?,1140.16,1142.2
"Eh, 41 nog wat.",1142.62,1143.9
Met dit is ehm... 47-10. 47-10 volgens mij.,1143.9,1147.42
"Ik moet iets bekennen, want ik heb eigenlijk de afgelopen twee tests jou ook ingevuld.",1150.26,1168.04
Omdat ik je niet vertrouwde van...,1168.56,1170.98
"Sorry, dat is heel erg.",1170.98,1173.14
Dat bondje wat ik in het begin met Annemieke heb gesloten...,1173.42,1176.6
Daar moeten de banden weer een beetje van aangetrokken worden.,1177.66,1180.06
Omdat ik ook zie dat zij heel erg het spel speelt en heel erg fanatiek is.,1180.26,1185.92
"En ik dacht, in deze fase van het spel heb ik gewoon een goede bondgenoot nodig.",1186.26,1190.58
"Dus ik denk eigenlijk, omdat we nu zo halverwege zitten... dat we onze afspraak iets moeten aanscherpen of iets moeten...",1190.62,1199.92
Is het weer aan?,1199.96,1200.98
"Nou ja, eigenlijk wel.",1201.38,1202.42
"Want anders, ik weet niet of ik het in mijn eentje zeg maar red op die manier.",1202.54,1207.0
Rob was tot de conclusie gekomen dat ik toch te vertrouwen was.,1206.78,1211.34
Dus die heeft eigenlijk ons verbondje weer aangemaakt.,1211.82,1215.2
En daar ben ik wel blij mee.,1215.9,1217.2
Want ik verdenk Rob niet echt.,1217.64,1220.42
"Hoewel dat heel eng is, want je zal toch die sukkel zijn... die je pakt met de duivel sluiten.",1220.74,1227.66
Is het slim om weer een kamer te delen?,1227.86,1230.0
"Dat wil ik wel voorstellen, ja.",1230.14,1231.76
Want op zich is het erg handig om bij je verdachte personen te gaan hokken.,1231.78,1236.76
Maar aan de andere kant zit je blind te staan.,1237.26,1239.34
En ik heb liever dat wij ons uitspreiden.,1239.42,1242.0
En dan gewoon overal een beetje vriendelijk en gezellig gaan lopen.,1242.26,1245.08
En s'avonds een beetje kunnen overleggen.,1245.1,1246.28
En s'avonds gewoon alles welke optellen.,1246.32,1248.5
Oké.,1249.22,1249.56
"Maar je bent er niet, hè?",1250.04,1250.82
"Ik ben het echt, echt, echt niet.",1250.98,1252.92
Echt niet.,1253.2,1254.1
Oké.,1254.62,1255.86
Deal.,1258.12,1259.02
Deal.,1259.2,1259.54
MUZIEK Goedemiddag.,1261.78,1282.74
Goedemiddag.,1282.74,1283.64
In de eeuwen voordat Columbus hier voet aan wal zette... werd dit eiland bevolkt door de Taino-Indianen.,1284.48,1291.12
Letterlijk vertaald het vriendelijke volk.,1290.78,1293.28
De komst van de Europeanen betekende... zo'n ziekte en uitbuiting zo goed als het einde van hun cultuur.,1293.96,1300.1
Deze negen symbolen stammen uit de Tainotijd.,1300.88,1304.06
Die gaan jullie naar het geld leiden.,1304.64,1306.82
Hopelijk.,1306.82,1307.94
Jullie gaan straks per boot op zoek naar deze negen tekens.,1309.12,1313.4
Als jullie de juiste symbolen vinden... kunnen jullie met de achterkant een kaart van het gebied vormen. van het gebied vormen om zo de exacte locatie van het geld vast te stellen jullie mogen meer dan 9 tekens meenemen maakt niet zoveel uit behalve dat het wel geld kost 200 euro per extra symbool dus neem de tekens goed in je op bekijk ze goed ik geef jullie heel even de tijd om te studeren Allemaal eentje.,1314.82,1345.56
Zullen we een rijtje nemen?,1345.56,1346.6
Ik heb ze al namen gegeven.,1347.12,1348.9
We weten niet of we met z'n allen gaan.,1348.96,1352.14
Dus iedereen moet ze sowieso allemaal leren.,1352.18,1354.18
"Als je ze opsplitsen, dan heb je maar de helft.",1355.34,1358.1
Ik ben vrij visueel ingesteld.,1358.38,1359.94
"Ik ben eerst begonnen met het rechte rijtje, van boven naar onder.",1360.04,1363.2
De eerste was een slang.,1363.62,1365.06
De tweede was een soort zon.,1365.06,1366.82
Happy face.,1367.28,1369.28
Stil.,1369.28,1369.72
"Man, vrouw, slak.",1370.6,1372.72
Tosti.,1372.58,1373.88
Die linkertje is boven.,1373.88,1376.1
"Tosti, drie oor, swirl.",1376.4,1379.24
"Baard, Rob, zon.",1379.88,1381.64
"Het ene teken was Rob, want die had een rare, stekelige... onbeperkte zanger van de Cure Haar.",1382.32,1389.28
"Er was een kapotte televisie, een soort appeltje met handen en voeten.",1390.34,1394.46
"Drie pootjes links, daar rechts zit niks.",1394.92,1397.44
Drie puntjes en een kruis.,1397.52,1399.18
Dus dan hebben we allemaal alle tekens uit ons hoofd geleerd en dat was goed ook.,1398.58,1404.54
Want er zat natuurlijk weer een addertje onder het gras.,1404.74,1407.16
En dat addertje was dat er in het water ook verkeerde tekens lagen.,1407.26,1410.76
"En als we die mee zouden nemen, en daarom moesten we ze goed onthouden... dan ging het geld af van de pot.",1410.8,1415.7
Dit valt niet op.,1416.12,1417.02
Welke wil jij?,1417.02,1418.02
Let's do this.,1418.16,1419.36
Vervolgens zijn we in twee tweetallen en een drietal de boot ingestapt.,1420.24,1424.88
Hola.,1424.96,1425.42
Zullen wij doorstappen?,1425.42,1426.78
"Pakken wij deze wel, ja?",1426.58,1428.08
Wij waren team T van taken.,1428.08,1431.08
Ofwel Tim.,1431.78,1432.48
"Cecile en Klaas waren samen, dat was team C.",1432.48,1435.16
"En Annemiek, Rob en Marjolein waren samen, dat was team A.",1435.5,1437.88
Samen waren we TCA.,1438.12,1439.32
Succes!,1441.28,1442.42
Doei!,1442.42,1443.58
"Boot C, boot A.",1443.94,1445.18
Succes!,1445.18,1445.6
"Alrighty, daar gaan we.",1446.5,1448.54
"Roger, Whitaker.",1449.18,1450.36
En die kennen ze natuurlijk niet.,1451.42,1453.02
"Oké, tosti, driehoer, krul.",1453.7,1456.0
"Krul, aap, rob, ster of zon.",1455.58,1458.96
"Vogel, schildpad, baby.",1459.86,1461.92
Check.,1461.92,1462.5
De opdracht was om zoek te gaan naar die bordjes.,1462.6,1464.88
En die bordjes waren vastgemaakt aan boeien in het water.,1464.96,1468.9
Als we negen identieke plaatjes hadden gevonden... dan zouden we de puzzel compleet kunnen maken.,1469.32,1474.82
Met je aanwijzing aan de captain.,1475.6,1477.38
"Oké, Mario.",1478.1,1478.9
We take a left here.,1478.9,1480.08
Even checken.,1481.52,1482.6
Boot C.,1482.6,1483.44
Boot Cecile.,1483.44,1484.4
"Oké, slow down, slow down.",1484.58,1486.22
Boot C gaat alvast een beetje voor op boot T.,1486.32,1489.26
Ik had de porto nog niet eerder gehad in een opdracht.,1489.46,1492.58
"En ehm, ja, er kon eigenlijk weinig misgaan.",1493.26,1496.76
"Oh, het gaat diep, hè?",1498.64,1500.44
"Jeetje, kijk die vogel.",1500.8,1502.2
We zijn ergens een baai in gegaan op zoek naar tekens.,1503.12,1506.66
"Prachtig kalm water, prachtige mangroven.",1506.92,1510.22
Van grovers.,1509.58,1510.38
"Oh, is het hier mooi!",1512.48,1514.42
Ik had het gevoel dat Johnny Depp met Black Pearl van de zijkant het beeld in kon komen schieten.,1514.94,1520.82
Want het was echt letterlijk Pirates of the Caribbean.,1521.18,1522.9
"Hoge cliffs overal, grotten, spelonken.",1523.24,1526.78
Pelikanen die eerst hoog in de lucht vlogen en dan in één keer naar beneden gingen om wat te eten uit het water.,1528.6,1534.42
Echt prachtig.,1534.78,1535.92
Het was echt een droom.,1536.24,1538.62
"En dan vergeet je af en toe, oh ja, moet ook nog wat doen.",1538.58,1542.04
"Boot A, Annemiek, kom er eens uit.",1542.3,1544.04
Er is echt niks.,1544.8,1545.64
Ben je daar niet achter?,1545.66,1546.48
"Nee, echt niet.",1546.58,1547.28
Maar daar?,1547.3,1547.72
"Nee, schat.",1548.44,1548.94
Oké.,1549.3,1549.58
Je moet volgens mij echt een boei kunnen zien.,1549.94,1551.54
"Ja, ja, ja, maar goed, hij kan daar liggen.",1551.68,1553.14
"Boot A, Annemiek, kom er eens uit.",1554.76,1557.92
Over.,1557.92,1558.42
"Boot A, kom er eens in.",1562.1,1564.08
En er gebeurde helemaal niks.,1564.3,1566.82
"Annemiek, één toegediscipline.",1566.68,1568.8
Kom er eens uit.,1568.8,1569.7
Niet tussendoor?,1569.7,1570.44
Nee.,1570.44,1571.28
Zij zijn bij de eilanden geweest.,1571.84,1573.14
Ze zijn er naar links geklaagd.,1575.84,1577.44
Ik heb allebei de kant al bekeken.,1577.44,1579.42
Nou ja.,1580.2,1581.86
"Ja, ja, ja, ja, ja, ja.",1582.84,1584.42
Team C heeft beet.,1584.86,1586.08
We zien een boei.,1586.08,1586.9
Yes.,1587.16,1587.88
Cécile heeft een boei.,1588.66,1590.06
En er hebben wel meerdere trouwens.,1590.06,1592.32
"En uiteindelijk, net toen ik dacht, dit gaat gewoon niet meer lukken...",1592.56,1595.18
Toen kwamen we bij een baai waar meerdere oranje boeien waren.,1594.68,1599.46
"Oké, dan gaan we aan jullie toe.",1600.18,1601.66
Hoe zien die boeien eruit?,1601.66,1603.26
Oranje en rood.,1603.34,1604.66
"Oké, dit is het aapje.",1605.52,1607.92
"Het is niet het goede aapje, volgens mij.",1607.92,1609.68
Kijk eens.,1609.8,1610.34
Het is niet goed.,1611.38,1612.66
"Het is niet goed, die van ons.",1612.66,1615.22
Het is een aapje met de baardharen naar de zijkant.,1615.26,1618.26
"Ze hadden een aapje met de baardharen naar rechts, naar de zijkant.",1618.76,1622.96
Dat is niet de goeie.,1622.68,1624.3
"Ja, een boei.",1624.94,1626.0
Ik zie nog een boei.,1626.0,1627.42
"Om het ellilust te spreken, wij waren als eerste ter plaatse, Cecile en ik.",1627.58,1631.46
Gelukkig kwamen Tim en Taka ook vrij snel.,1631.88,1634.72
"Daar, daar, daar.",1634.78,1635.82
"Oké, hebben ze.",1635.82,1637.84
"Maar team Annemiek, Marjolein en Rob bleven om mysterieuze wijze vrij achter.",1638.02,1643.46
Maar zie je hun boei?,1644.86,1646.78
Nee.,1646.78,1647.34
Die hebben we.,1649.18,1649.82
Die was de baard.,1649.82,1651.22
De baard.,1650.68,1651.2
"Links midden, toch?",1651.2,1652.46
Andersom.,1652.52,1653.98
Het eerste teken was de man met de baard.,1654.48,1658.36
"Ja, ik heb hem onthouden als de baard.",1658.46,1660.26
Deze is goed.,1660.52,1661.14
"Cecile, kijk eens.",1661.14,1662.02
Die is goed.,1662.58,1663.36
We hebben een goeie!,1663.36,1664.32
Ik hield er eentje omhoog.,1664.38,1665.3
"Cecile, volgens mij is deze oké.",1665.3,1666.76
Is die oké?,1666.84,1667.48
Check.,1667.48,1668.02
Huppakee.,1668.02,1668.56
Naar binnen.,1668.56,1669.14
Daar ligt ze nog even.,1669.24,1670.46
Toen kwamen we al vrij snel boeit twee tegen.,1671.3,1673.54
Deze moest ook hebben.,1674.32,1675.22
"Eén, twee, drie.",1675.22,1676.0
Die mist.,1676.0,1676.58
De tv-antenne met de drie kruisjes aan stokjes eraan.,1676.78,1680.34
Daar was het alweer.,1679.68,1681.4
Dit is...,1681.4,1682.56
"Nee, helaas.",1684.88,1686.36
Ligt bij het eilandje in de baai waar we nu zijn.,1687.16,1690.72
"Kijk even waar we uit zijn, boot A.",1690.82,1692.68
Die is fout.,1692.68,1694.28
"We hebben een derde goeie, het lieve heersbeestje.",1694.34,1697.32
Beter bekend als Rob.,1697.4,1699.2
Daar ligt er nog één.,1699.32,1700.44
Hebben we die al gehad?,1700.44,1701.52
"Nee, ligt daar.",1701.74,1703.16
Dat is een acht.,1703.22,1704.22
Staat er nog iets op de achterkant?,1704.22,1705.76
Rechts.,1706.02,1706.62
"Daar, nog eentje.",1707.54,1708.42
Zie je hem met vinger?,1708.42,1709.2
Wij hadden gewoon de hele tijd of pech of er lag een verkeerde.,1709.4,1713.98
"Schildpad, is goed.",1714.7,1716.04
Is goed.,1716.04,1716.56
Heeft-ie de pootjes gebogen?,1716.86,1718.28
"Zo, boven, boven, onder zo.",1718.44,1720.06
Dit is toch goed?,1720.06,1720.76
"Ja, ja.",1721.46,1722.08
Team C heeft de schildpad over.,1723.16,1725.66
Top.,1726.2,1726.66
Zet de schildpad.,1726.66,1727.84
Ja.,1727.84,1727.98
Binnen no time hadden wij vijf van die houten blokjes meegenomen.,1728.18,1732.48
Maar ik vind het leuk!,1732.56,1733.74
"Eén, twee, drie, vier, vijf.",1733.86,1735.4
Lekker bezig.,1737.08,1738.18
Lekker bezig.,1737.4,1738.06
"Zul je vieze uitslovers dat we zijn, dan verdent niemand ons meer.",1738.08,1741.1
Yes!,1741.24,1741.64
"Ja, mooi zo.",1741.64,1743.44
Wij hebben er drie over.,1744.92,1746.82
"Moeten we misschien even bij boot A bij elkaar komen, over?",1747.34,1750.3
Goed idee.,1750.96,1751.92
Wij gaan stilliggen.,1751.92,1753.74
We zijn met z'n drieën naar elkaar toegevaren.,1758.76,1761.62
Hallo.,1761.74,1762.16
Hoi.,1762.16,1762.88
Wij zijn Tim en Take.,1762.88,1764.46
Pak hem.,1765.22,1765.8
Hebben.,1766.4,1767.04
Die zat hier.,1768.28,1769.38
"Baby, mannetje, tosti.",1769.38,1771.84
En wij hadden een soort letterbak bij ons.,1772.14,1774.76
En in die letterbak zouden alle tekens gezet moeten worden.,1775.16,1778.02
Zodat we uiteindelijk een soort oplossing zouden vinden.,1778.08,1780.9
"Want als we die tekens om zouden draaien, als het goed is... zou er dan een schatkaart uitkomen.",1780.98,1785.9
"Ja, die zat hieronder.",1785.94,1786.84
Ja.,1786.84,1787.28
Dat is Rob.,1788.04,1789.22
Maar Rob is verkeerd op.,1789.22,1790.1
"Nee, andersom.",1790.22,1790.86
Het is onder het recht.,1790.86,1791.8
"Jij weet het, maar ik leg het niet op.",1791.9,1792.9
Er waren er nog vijf gescoord waarvan bleek dat Klaas en Cecile er vijf hadden gescoord en het team van Annemieke er nul had gescoord.,1793.4,1802.92
Eentje missen is niet zo heel erg.,1803.02,1804.38
"Nee, maar als je die tosti nu rechtsboven legt...",1804.46,1806.74
"Hey, Boca del Tiburón.",1806.78,1808.4
Boca del Tiburón staat er nog.,1808.4,1810.16
Dit is een hele goeie.,1810.24,1810.6
Wat is de Boca del Tiburón?,1810.6,1813.26
Er stond een kruis en Boca Tiburón.,1813.32,1816.18
Oftewel haaienbek.,1816.46,1818.44
Boca del Tiburón?,1818.58,1819.8
Bocca del Tiburon.,1820.4,1821.84
Bocca del Tiburon.,1821.84,1823.5
Bocca del Tiburon.,1823.68,1825.08
En we hadden 113 als code.,1825.2,1827.94
Waarom hebben we een code?,1828.12,1829.32
"En toen dacht ik, hey, cijferslot.",1829.58,1831.78
Wat nou als we gewoon weer een kist hebben?,1832.02,1834.02
Dat is bij een hele snelle vaart erheen.,1838.66,1842.16
"Oh, tof.",1845.74,1848.2
Is het dit?,1848.82,1849.7
Ja.,1849.7,1850.16
"Ja, ja, ja.",1850.4,1851.28
"Oh, dit is hem.",1853.28,1854.42
Dit is de bocca.,1854.42,1855.38
Kijk hoe jong hij is.,1855.68,1857.14
"Ja, vet, hè?",1857.56,1858.24
Wauw.,1859.58,1860.18
Jeurtje.,1860.18,1861.42
Spannend.,1861.74,1862.46
Go inside?,1862.9,1863.68
"Yes, can we go inside?",1863.68,1864.96
Go?,1865.5,1865.82
Ja?,1865.82,1866.04
All right.,1866.48,1867.6
"Tof, jongens.",1867.6,1868.84
Daar doemt vanuit de verte een fantastische rots op waar je in kon.,1869.06,1873.38
En dat leek inderdaad op een soort haaienbek met tanden.,1873.46,1876.44
"Het zag er prachtig uit. 1-1-3, Klaas. 1, 1, 3.",1876.66,1882.96
"En inderdaad, daar was een kist, maar een kist met een slot erop.",1883.18,1888.08
"En toen kwamen die cijfers van pas. 1, 1, 3, klik, open.",1888.46,1893.56
Hebben!,1894.08,1894.66
"Wat zit erin, Klaas?",1895.22,1896.82
En hoeveel?,1898.42,1899.6
Duizend euro!,1900.3,1902.42
Rondje van de zaak.,1903.66,1906.36
Dit is een mooie eventoon.,1906.8,1908.22
Weet je wie erop staat?,1908.22,1909.42
Ellie!,1909.4,1910.68
"Ellie, rust!",1910.68,1912.1
Ellie!,1912.36,1913.08
Ellie!,1913.08,1913.72
Een lekker middagje op zee.,1918.02,1925.72
En het heeft volgens mij nog geld opgeleverd voor de pot ook.,1926.44,1928.56
Ben ik meester?,1929.02,1929.82
Ik heb Ellie na aan het hart liggen.,1929.82,1932.22
Je hebt Ellie na aan het hart liggen.,1932.28,1933.48
Laten we zien.,1933.48,1933.98
Tada!,1934.74,1935.16
"Duizend euro, gefeliciteerd!",1935.16,1937.76
Goed gedaan.,1937.4,1938.54
Lekker dan.,1938.54,1938.96
Knap.,1938.96,1939.82
"En dat allemaal dankzij, nou, dankzij wat eigenlijk?",1940.42,1942.76
"Heldere communicatie, goede samenwerking.",1942.84,1945.02
"Ja, geloof het wel.",1945.84,1947.28
Ja.,1947.28,1947.6
"Jullie beginnen in vorm te raken, heb ik het idee, of niet?",1948.18,1950.5
Tijd.,1950.52,1951.06
We hebben het wel nodig ook.,1951.06,1952.62
"En het komt ook goed van pas, want morgen draait ook alles... om goede samenwerking en heldere communicatie.",1952.88,1958.7
Tot morgen.,1959.1,1960.34
Tot morgen.,1960.72,1962.38
Ik wil u een hele mooie witte wijn. 2014.,1967.4,1972.0
"We zitten sinds kort in een appartement, dat is toch anders dan een hotel.",1973.24,1978.08
We zijn eigenlijk een soort gezin geworden.,1978.16,1979.9
Ik moet wel gelijk eerlijk zeggen dat ik tot nu toe... de huiselijke taakjes vredelijk weet te ontwijken.,1981.78,1988.36
"Mevrouw Nariks, mag ik met u proosten?",1988.46,1990.3
Het is heel onwerkelijk om hier met z'n allen te zitten. alle te zitten.,1990.98,1994.02
"Er zit ook een soort filmlocatie, lijkt wel soms.",1994.02,1997.58
Klaas.,1997.64,1997.86
"Nee, ik niet.",1997.86,1998.36
Ik schenk het in.,1998.36,1999.14
"Ja, het zit in mijn knollet aan.",1999.54,2001.64
Al het geld was opgerold en ik vind dat niet netjes.,2005.0,2009.98
"Je moet geld natuurlijk, zeker als je ervoor moet passen, moet je dat een beetje netjes behandelen.",2010.02,2014.74
Dus ik heb het eerst laten drogen en toen heb ik het gestreken.,2015.28,2018.52
"En de penningmeester die met kartonnen enveloppen werkt, is natuurlijk een penningmeester van helemaal niks.",2019.14,2023.06
"Dus dit is hem, de zwarte nepledere penningmeesteresse, portefeuille.",2023.4,2028.98
En ik ga er ook mee onder de douche en ik ga er mee slapen.,2029.22,2031.6
"Want niemand, niemand, niemand komt aan deze centen.",2031.68,2035.22
Helemaal niemand.,2035.22,2036.02
We kwamen aan bij een prachtige brug.,2053.4,2060.84
"Het was een wandelbrug, een loopbrug, maar echt gigantisch lang.",2060.92,2064.88
"Ja, daar liepen allemaal mensen gezellig met schattige kindjes en gezinnen.",2066.0,2069.48
"Ze liepen daar te wandelen naar een eiland met tassen, met lekker drinken.",2069.56,2074.02
Het leek me echt zo'n heerlijke plek waar je als je in dat stadje woont... als je s'avonds gaat kuieren en romantische afspraakjes hebt.,2074.28,2080.24
"Nou ja, gewoon een prachtig plaatje.",2080.86,2083.2
En toen volgde de opdracht.,2083.4,2085.32
Goedemiddag.,2085.88,2086.42
Dit wordt de brug naar nergens genoemd door de lokale bevolking van Samana.,2087.36,2092.58
Jullie gaan zometeen verspreid op deze brug staan.,2093.2,2095.8
Aan het begin en helemaal aan het einde vinden jullie een verhaal.,2096.02,2100.38
En misschien raden jullie het al.,2103.14,2105.56
Die verhalen moeten jullie van plek laten wisselen.,2106.16,2109.26
Dus het verhaal van het begin moet naar het einde.,2109.84,2111.94
Het verhaal van het einde moet naar het begin.,2111.92,2114.18
Dat doen jullie in estafette vorm.,2114.94,2116.4
Dat betekent dat je alleen met de persoon direct voor of direct achter je mag communiceren.,2116.82,2121.06
Succes.,2121.94,2122.52
Alle kandidaten stonden op vaste posten op de brug en moesten die twee verhalen doorgeven aan elkaar.,2124.6,2131.92
"Dus we hadden allemaal een gedeelte van de brug waar we mochten bewegen, maar we mochten niet buiten ons vak komen, om het zo maar te zeggen.",2132.22,2138.82
Wij moesten mondeling zorgen dat dat verhaal van de linkerkant rechts op het bord goed uitgeschreven werd en vice versa.,2138.68,2145.88
Meervoudige persoonlijkheidsstoornis is volgens de vandalen met 38 letters het langste woord in de Nederlandse taal.,2148.48,2155.62
"Meervoudigheid, Jezus.",2155.84,2157.42
"Ik wilde dolgraag het begin zijn, want taal is zeg maar helemaal mijn ding.",2157.86,2162.62
En voor de rest vind ik het ook gewoon fijn om in ieder geval zelf de controle te hebben over wat we aan het doen zijn.,2162.68,2169.14
"Ik wilde heel graag bij een bord staan, zodat ik het verhaal kon lezen, dat ik het goed kon overbrengen.",2171.0,2180.58
"Om dan de volgende in de ketting goed te instrueren, echt daarin te rammen.",2180.62,2184.26
"En ik zag de tekst en ik dacht, nou gelukkig, hij is niet zo lang.",2184.84,2187.82
"Het langste woord dat je met je linkerhand aan de linkerkant van je toetsenbord kunt typen, is niet stewardess.",2187.78,2196.18
"Het langste woord dat je met je linkerhand aan de linkerkant van het dashboard kunt typen, toetsenbord, is niet stewardess.",2197.06,2206.18
"Dit was eigenlijk wel de opdracht waar ik me een beetje, nou zorg is een groot woord, maar waarvan ik dacht, hm, dit zou ik wel eens wat minder kunnen doen dan de andere.",2206.54,2214.38
"Het langste woord dat je met je linkerhand aan de linkerkant van het toetsenbord kan typen, is niet stewardess.",2213.78,2220.44
Ja.,2220.58,2220.7
Top.,2220.7,2221.7
Meervoudige persoonlijkheidsstoornis is volgens de Vandalen met 38 letters het langste woord in de Nederlandse taal.,2222.68,2230.78
Meervoudige persoonlijkheidsstoornis is volgens de Vandalen met 38 letters het langste woord in de Nederlandse taal.,2231.04,2241.2
Nog één keer.,2241.32,2241.74
Dat zijn mensen van...,2241.78,2242.54
"Er komt een radio bij, er zijn acteurs bij, er zijn presentatoren bij.",2242.54,2246.74
"Ja, als er iets moet lukken, is het het onthouden van tekst en het doorgeven.",2247.18,2251.7
Bam!,2251.88,2252.12
"Het langste woord dat je met je linkerhand... aan de linkerkant van je toetsenbord kan typen, is niet stuubeles.",2254.3,2259.56
Ik vond het geweldig om te doen.,2260.12,2263.2
Aan de ene kant had ik taken en aan de andere kant Tim.,2263.24,2265.64
"En Tim merk je gewoon, die is ook televisiepresentator... en die doet dat vaker. dat je met je linkerhand aan de linkerkant van het toetsenbord kan typen... is niet stewardess.",2265.86,2276.26
Niet stewardess?,2276.56,2277.44
Ja.,2277.44,2277.82
Oké.,2277.82,2278.2
Dat is het?,2278.8,2279.26
"Ja, dan wacht ik even op jou.",2279.26,2280.74
"Ja, is goed.",2280.8,2281.24
"Ik dacht, ik doe gewoon net alsof ik programma's sta te maken... over de dikke vandalen.",2281.66,2285.56
Dan kom ik er denk ik wel uit.,2286.4,2288.52
Luister goed.,2288.72,2289.34
Ja.,2289.34,2289.54
Meervoudige persoonlijkheidsstoornis... is volgens de vandalen met 38 letters... het langste woord in de Nederlandse taal.,2290.14,2298.64
Wacht.,2298.54,2299.7
Meervoudige persoonlijkheidsstoornis is één woord.,2299.7,2301.88
Meervoudige persoonlijkheidsstoornis is volgens Van Dalen...,2302.1,2304.34
Met 38 letters het langste woord in de Nederlandse taal.,2304.78,2307.6
Ik vond het een hele leuke opdracht.,2307.76,2309.26
Ik ben wel gewend tekstjes te onthouden.,2309.26,2311.44
Ik vond het een uitdaging.,2311.52,2312.82
Het geren over die bruggen was leuk.,2312.82,2314.66
"Ja, mag ik?",2314.8,2315.44
"Ja, hoor.",2315.44,2315.82
Meervoudige persoonlijkheidsstoornis is met 38 woorden volgens Van Dalen...,2316.12,2321.42
Woorden of letters?,2321.48,2322.14
Letters.,2322.14,2322.56
Volgens Van Dalen het langste woord in de Nederlandse taal.,2323.02,2326.08
"Oké, het langste woord dat je met je linkerhand aan de linkerkant van het toetsenbord kan typen, is niet stuwardes.",2325.54,2331.96
"Ja, het was niet zo heel erg moeilijk, maar het ging van rechts naar links en van links naar rechts tegelijk.",2332.22,2339.08
"De woorden waarzegster, zeveraars, wereldverbeteraars, aardgasreserves en...",2339.2,2349.18
"Nog één, zijn lang.",2350.38,2351.48
Vergeet-ie maar.,2351.48,2352.4
De woorden.,2352.54,2353.24
Waarzegster.,2353.24,2355.1
Denk aan de handpalmen.,2355.22,2356.36
"Ja, waarzegster.",2356.36,2357.24
Zevenaars.,2357.3,2358.0
Zevenaars.,2358.0,2358.9
Wereldverbeteraars in aardgasreserves zijn langer.,2359.44,2362.38
Elektriciteitsproductiemaatschappij... is met 35 letters het eenalangste woord in de Nederlandse taal... volgens de Vandale.,2362.74,2371.72
Elektriciteitsproductiemaatschappij is met 35 letters... volgens de Vandale...,2372.0,2378.3
"Nee, die komt als laatste.",2378.3,2379.08
Met 35 letters het langste woord in de Nederlandse taal volgens de Vandalen.,2379.54,2385.98
"Wat heel moeilijk was, is dat Vandalen moest komen voor volgens in de Nederlandse taal of juist andersom.",2386.14,2392.02
"Maar ik dacht, oké, die heb ik.",2392.08,2393.56
Dus al rennend ging ik naar Marjolein toe en gaf ik dat door.,2393.56,2396.88
Mag ik hem eerst zeggen?,2397.0,2398.0
"Maar ja, dus we zaten elkaar ontzettend in de weg met het overgeven.",2398.04,2401.36
Elektriciteitsproductiemaatschappij is met 35 letters het eenalangste woord in de Nederlandse taal volgens de Vandalen.,2401.44,2410.02
Zat Vandalen aan de achterkant?,2410.1,2411.22
De eerste keer vond ik het moeilijkste.,2411.28,2412.72
Toen kwam Rob met een zin en ik had mijn zin gerepeteerd.,2412.98,2416.14
Toen zat die van hem even in de weg.,2416.6,2417.92
"Oh, kut.",2418.48,2419.38
Met je linkerhand aan de linkerkant van het toetsenbord...,2420.3,2427.2
"God, ik had het niet zo...",2427.42,2428.16
Met je linkerhand kan je typen aan de linker...,2428.64,2430.68
Wat je aan de linkerkant van het toetsenbord kan typen met je linkerhand is niet stewardess.,2430.72,2435.88
Wat je aan de linkerkant van je toetsenbord kan typen met je linkerhand...,2436.0,2439.84
Linkerkant met je linkerhand.,2439.84,2441.64
"Lange woorden zijn namelijk waarzegster, zeveren, wereldbol.",2441.74,2449.86
"Werken onder druk, snel teksten leren is iets wat ik in mijn werk vaak tegenkom.",2450.08,2454.86
Taken daarentegen was echt een ander verhaal.,2454.72,2457.22
Want die kreeg van Cecile een soort van les met gebaren om het maar beter te kunnen onderhouden.,2457.3,2462.46
Wereldbol en aardgasreserves zijn namelijk langere woorden.,2462.82,2467.34
"Ja, het zijn namelijk langere woorden, ja.",2467.76,2469.22
"Ja, je net zei langer, hè?",2469.82,2470.72
"Ja, klopt.",2470.72,2471.4
Dus één van twee.,2471.4,2472.2
Langere woorden.,2472.36,2473.6
Yes. 24-letterwoord bestaat uit 24 letters.,2473.6,2478.04
"Ik had het voordeel dat ik het kon zien, kon visualiseren, kon onthouden.",2478.4,2484.66
Ik kon het onthouden.,2483.72,2484.68
Dus ik liet Rob eerst zijn tekst aan mij geven.,2484.68,2488.16
En dan lepelde ik die van mij op.,2488.58,2490.24
Wat je aan de linkerkant van je toetsenbord kunt toetsen met je linkerhand... is niet stewardess.,2490.66,2496.0
Wat je aan de linkerkant van je toetsenbord kunt toetsen met je linkerhand... is niet stewardess.,2496.28,2502.52
Exact.,2502.78,2503.02
I got it.,2503.02,2503.68
Oké. 24 letterwoord bestaat uit 24 letters. 24 letterwoord bestaat uit 24 letters.,2503.68,2511.34
"Oké, doei.",2511.34,2511.58
Waar zegt ze?,2511.56,2512.5
Zevenaar.,2512.5,2514.08
Waar zegt ze?,2514.26,2514.84
Dit is meer wereldbol.,2514.84,2516.54
"Ja, maar dit is zevenaar.",2516.82,2517.86
Oké.,2517.86,2518.2
Wat je aan de linkerkant van je toetsenbord kunt toetsen met je linkerhand... is niet... drie woorden.,2522.42,2530.16
Waar zegt ze?,2530.88,2532.48
"Zevenaar, wereldbol... en aardgasreserves zijn namelijk langer.",2532.48,2538.18
Die vier woorden vond ik heel leuk.,2538.3,2539.92
Ik zag namelijk een soort van hele nare waarzegster voor me.,2539.56,2544.28
Want dat was die zeveraar.,2544.32,2545.66
En die zat te kijken in een soort aardbol waar die aardgas dan in zat.,2546.02,2549.06
"Waarzegster, zeveraar, wereldbol en aardgasreserves.",2549.1,2555.14
Zijn namelijk langer.,2555.2,2556.04
Daar maakte ik een soort dansuitbeeldingslevendig stukje van.,2556.36,2560.4
Maar volgens mij werkte het.,2560.5,2562.24
"Engelse woord voor typemachine, typewriter... is het een na langste woord dat je kunt maken met de bovenste rij van je toetsenbord.",2562.6,2572.4
Dus van je toetsenbord.,2572.54,2573.74
Van je toetsenbord.,2574.1,2574.86
"Het Engelse woord voor typemachine, typewriter, is het een na langste woord... typewriter, is het een na langste woord dat je met de bovenste rij is...",2575.04,2586.42
Het een na langste woord?,2587.42,2588.6
Dat je kunt maken op de bovenste rij van je toetsenbord.,2588.7,2590.98
"Oh, is het een na langste woord dat je kunt maken op de bovenste rij van je toetsenbord?",2591.28,2594.46
Het ging allemaal een beetje over een toetsenbord van een computer of van een wat dan ook.,2594.46,2598.0
En met welke letters je met je linkerhand kon maken of met je rechterhand.,2598.34,2602.64
"Het Engelse woord voor type machine, typewriter, is het een na langste woord dat je kunt maken op de bovenste rij van je toetsenbord.",2602.68,2614.14
We zijn hartstikke goed bezig.,2614.22,2615.64
"Annemieke was in vorm, Marjolein was vrij rustig.",2615.64,2619.76
Die was niet heel erg ingewikkeld bezig.,2619.88,2621.84
Dus dat ging eigenlijk van beide kanten heel erg goed.,2621.84,2624.08
Het langste woord dat je met je rechterhand kunt maken aan de rechterhelft van het toetsenbord is 11 letters lang.,2624.46,2634.5
Namelijk minimumloon.,2634.68,2635.76
Het langste woord dat je met je rechterhand kunt maken aan de rechterhand van het toetsenbord is 11 letters lang.,2636.5,2644.1
Namelijk minimumloon.,2644.32,2645.54
Nog één ding.,2645.82,2646.68
Het woord dat ik vergeet was voor secretaressendag.,2646.68,2648.38
Dat moet voor aardgasgezegd worden.,2648.46,2650.04
Secretressendag.,2650.1,2651.16
Secretressendag.,2651.44,2653.02
"Oké, secretaressendag.",2653.1,2654.1
Ik was het woord secretaressendag vergeten.,2654.1,2655.76
"Ik dacht, dat kan ik makkelijk nog een keer overbrengen aan taken.",2655.86,2659.64
Die kan dat dan heel makkelijk aan Klaas zeggen.,2659.72,2661.34
Klaas!,2661.4,2661.8
Zodat ze het er nog even tussen zetten.,2661.8,2664.14
Voor aardgas hoort nog secretaressendag.,2664.38,2666.6
Ik meen dat ik het heel duidelijk heb doorgegeven aan Klaas.,2666.72,2669.32
Dat Cecile en ik een woordje vergeten waren.,2669.7,2672.5
Aardgas hoort nog voor secretaressendag.,2672.7,2675.04
"Oké, dat is het.",2675.36,2676.38
Ja.,2676.38,2676.72
Aardgas.,2677.24,2677.86
Aardgas.,2677.86,2678.46
Komt voor secretaressendag.,2678.46,2680.2
Aardgas komt voor secretaressendag.,2680.32,2682.06
Ja.,2682.06,2682.2
"Annemieke, aardgas komt voor Secretarissendag.",2683.1,2687.28
Secretarissendag?,2687.5,2688.84
Dag.,2688.84,2690.12
Ik heb geen Secretarissendag.,2690.42,2692.54
Maar ik heb helemaal geen Secretarissendag.,2692.92,2695.56
"Ik dacht, wat loopt ze nou?",2696.04,2697.48
Dit is gewoon een zin.,2697.48,2699.08
Aardgas komt voor Secretarissendag.,2699.24,2703.24
"Maar ik dacht alleen maar, schrijf het op.",2703.36,2705.78
Ik heb helemaal geen Secretarissendag.,2705.84,2706.94
Whatever.,2707.16,2707.9
"Wat ik hoor, schrijf ik op.",2707.9,2709.5
En laten we hopen dat er in godsnaam iets goed is.,2709.92,2711.96
Ik wil graag een zin uit jullie oeuvre voordragen.,2713.1,2724.92
"Het Engelse woord voor typemachine, typewriter, is het eenalangste woord dat je kunt maken op de bovenste rij van je toetsenbord.",2725.8,2733.8
Kennen jullie dat?,2734.56,2735.3
Ja.,2735.3,2735.64
Mooi.,2735.64,2736.4
Het is de enige zin die goed was.,2736.82,2738.42
Nee.,2738.42,2738.66
De enige.,2738.66,2740.22
Echt?,2740.22,2740.94
Jullie hebben zelfs een zin verzonnen.,2740.96,2743.22
Aardgas voor secretaressedag.,2743.58,2745.56
Wat die vandaan komt?,2746.18,2747.18
Jezus.,2747.82,2749.12
"Nee, dat is niet waar.",2749.12,2750.52
Kom op.,2750.52,2750.82
"Afijn, deze 1000 euro die ik zo graag kwijt wilde...",2752.56,2756.58
"Kom op, daar.",2756.64,2757.18
"Nee, dat kan niet.",2757.18,2759.32
Fijne avond.,2759.88,2760.86
"Ja, thanks.",2760.86,2761.5
Jezus.,2761.8,2762.04
Ik wist zo nog dat we het goed hadden.,2762.04,2764.7
Ik denk dat het mollen vanaf nu echt is begonnen.,2764.96,2768.04
"Het wordt nu steeds duidelijker, zeg maar.",2768.18,2769.92
"Ja, dat er geprobeerd wordt om alles te saboteren.",2770.96,2773.9
"Nee, jij zei tegen mij, aardgas komt voor secretaressen.",2774.02,2777.12
Geef dat nog even door.,2777.3,2778.64
Dat is wat je zei.,2778.64,2779.36
En het was nog aardgasreserves?,2779.68,2781.64
Ja.,2781.64,2782.2
Eigenlijk komt het erop neer dat we bij de opdracht van de tijdrit... beter hadden moeten kijken.,2782.9,2788.46
En bij deze opdracht hadden we beter moeten luisteren.,2789.0,2791.34
We kunnen dus echt gewoon helemaal niks. *** Tijd voor de test.,2791.7,2810.6
Twintig vragen over de identiteit en het doen en laten van de mol.,2811.72,2815.5
"Degene die het minst weet, ligt uit het spel.",2816.5,2819.38
Behalve de mol.,2820.52,2821.7
Die hoeft nooit naar huis.,2821.7,2823.78
"Ik vind dit een hele spannende test, omdat ik een nieuwe strategie ga proberen.",2824.84,2829.9
"Ik neem ook wat nieuwe mensen mee die ik verdenk, die ik daarvoor niet heb gebruikt in de test.",2829.88,2834.94
"Als ik me daarmee in mijn vingers snijd, dan zou het zomaar kunnen zijn dat het afgelopen is voor me.",2835.96,2840.78
"Spreiden, spreiden, spreiden.",2842.04,2843.8
"Het is een ontzettend cliché, maar het is volgens mij het enige wat je echt kan helpen.",2843.8,2847.34
En snel die test maken.,2847.42,2849.18
Ik vind het nog te vroeg om op twee kandidaten te gaan zitten.,2849.98,2853.36
Namelijk Klaas en Tim.,2853.84,2855.6
Allebei nog met dezelfde redenen.,2856.06,2858.08
Intuïtie.,2858.7,2859.36
Tim staat hoog op een lijstje.,2859.88,2861.82
Is niet erg veranderd.,2861.82,2862.92
Annemieke ook.,2863.36,2864.24
"Maar ja, ik kan Taka ook net zo goed erbij schuiven.",2864.56,2867.64
Want het ging vandaag ook weer alle kanten op.,2867.68,2869.88
Waarom heeft hij ons niet even gewaarschuwd waar de antwoorden waren?,2870.5,2874.1
Een aantal mensen heb ik eigenlijk al weg kunnen strepen.,2879.44,2883.58
"En Tim, keer op keer, haalt eigenlijk vrijwel nooit geld binnen.",2883.64,2887.6
"Nou ja, trouwens gewoon helemaal nooit geld binnen.",2887.88,2889.54
Dus uiteindelijk is het een beetje raar allemaal hoe alles loopt met hem.,2890.2,2893.46
En ik heb hem gewoon nog niet weg kunnen strepen.,2893.5,2894.86
Dus staat hij op mijn verdachtenlijstje.,2894.94,2896.14
"Ik blijf, omdat ik toch al vier ronden door ben... bij mijn twee mollen die ook die vier rondes hebben overleefd.",2898.02,2907.42
Namelijk Rob en Klaas.,2907.42,2908.5
En voor de zekere trek ik een paar vragen op Tim invullen.,2908.58,2911.1
Dat je weet maar nooit.,2911.48,2912.42
Mijn verdenkingen zijn als volgt.,2913.84,2915.36
Ergens staat Cecile nog in de top drie.,2915.46,2917.28
Want Cecile brengt altijd nul euro aan het laadje.,2917.28,2920.26
In datzelfde groepje zou kunnen zitten Marjolein.,2920.78,2923.38
Want Marjolein brengt over het algemeen ook nul euro binnen.,2923.58,2926.84
En Klaas doet heel erg z'n best om ook te blenden.,2927.72,2930.38
En dan heeft hij weer een goed verhaal.,2930.46,2931.7
En hij brengt ook wel euro's in de pot.,2932.92,2935.0
Maar hij fikst ze er ook wel weer uit hoor.,2935.28,2937.14
Ik heb tot nu toe over drie A4 gespreid.,2938.36,2940.54
Durf ik het aan om te gaan spreiden over twee?,2941.08,2943.58
"Nou, in deze aflevering ben ik eigenlijk niet heel veel wijzer geworden.",2943.28,2948.82
Het is mij in ieder geval gelukt om bij mijn mollen in de buurt te zijn.,2949.72,2954.96
"Op dit moment denk ik dat ik goed zit, dus ik hou me hier ook nog vast.",2956.14,2962.76
Ik kan me voorstellen dat jullie met een trots gevoel tegenover me zitten.,2973.28,2977.1
We zijn over de helft van onze reis.,2977.58,2979.22
"Dat je hier nog bent is dus een felicitatie waard, een mijlpaal.",2979.96,2983.72
"Aan de andere kant, er zijn nog maar drie kandidaten afgevallen tot nu toe.",2984.88,2990.74
Zo knap is het dus ook weer niet.,2990.74,2993.08
Misschien hebben jullie vooral geluk gehad tot nu toe.,2993.2,2996.68
En dat houdt op een gegeven moment op.,2997.46,3000.5
Zeker in Wie is de Mol.,3003.28,3004.36
Misschien nu wel.,3008.94,3011.18
Klaas.,3012.06,3012.76
Gaat zien.,3014.3,3014.98
MUZIEK Annemieke.,3033.28,3045.54
MUZIEK MUZIEK Cecile.,3046.2,3083.76
ZANG EN MUZIEK MUZIEK Goed man.,3089.28,3138.14
Dankjewel.,3141.1,3142.1
Twee mannen en één vrouw.,3146.4,3148.84
"Dames en heren, toch?",3149.28,3151.2
"Nou, Julijn.",3153.38,3154.16
Ah!,3173.6,3175.8
Eend!,3175.8,3177.1
"Oh, shit.",3179.28,3180.48
Goodbye.,3182.0,3183.34
Dat is wel goed gehoord.,3185.0,3187.2
Je mag afscheid nemen.,3188.66,3191.32
"Dag, lieverd.",3194.82,3196.24
Ik had de avond voor de test nog even met Marjolein gesproken.,3199.78,3204.5
Ze dacht eigenlijk dat ze wel op de goede weg zat.,3204.58,3207.28
Dus daaruit leid ik dan nu af dat ze toch iets te veel misschien op één is gaan zitten.,3207.28,3211.62
En dat is schijnbaar niet de juiste mol.,3212.06,3213.94
Leuk.,3214.92,3216.12
"Veel plezier, hè?",3216.34,3217.1
Dank je wel.,3217.22,3217.68
"Best wel onverwacht eigenlijk, omdat Marjolein iemand was die echt alles goed bijhield.",3217.9,3222.9
Ik denk van iedereen echt de meeste kennis had van anderen.,3223.18,3227.68
"Marjolein, ga je mee?",3227.76,3228.7
Ja.,3228.94,3229.4
Op de een of andere manier is het gewoon misgegaan in de test.,3230.22,3233.22
En in één keer stonden we afscheid te nemen van elkaar.,3233.68,3235.94
"Marjolein, je leek onbewogen toen je een rood scherm kreeg.",3235.7,3240.4
"Ja, je houdt er altijd rekening mee.",3241.04,3242.78
Maar je hebt een joker.,3243.02,3244.48
Niet ingezet.,3244.48,3246.38
"Ja, maar één joker maakt het nog niet, denk ik, in deze fase van het spel.",3246.48,3250.56
Ik vraag me af of dat het grote verschil gemaakt heeft.,3250.64,3252.9
Weet iemand op wie zij zat?,3254.34,3257.22
Ze was heel erg stil daarover.,3257.62,3259.02
"Ja, ze heeft niks gezegd.",3259.02,3260.3
Ook niet tegen jou?,3260.42,3261.18
Nee.,3261.18,3261.4
"Cecile, ook niet tegen jou?",3261.56,3263.06
Nee.,3263.06,3263.32
"Nog één keer, Cecile, tegen jou.",3262.7,3264.26
Niet tegen mij.,3264.26,3265.16
"Jammer, Cecile.",3265.42,3266.44
Waar was je op aan het wachten?,3267.82,3269.26
Op de finale.,3269.26,3270.96
Dan zou je hem inzetten.,3271.42,3272.44
"Vlak voor de finale, om hem zeker te halen.",3272.44,3274.94
Ja.,3275.28,3275.74
Dat lijkt alsof je dan zeker bent van je zaak... als je tot dan durft te wachten.,3275.74,3280.6
Ik denk dat ik ook wel zeker was van mijn zaak.,3280.86,3283.1
Oké.,3283.62,3284.04
Gefeliciteerd.,3284.04,3284.62
We zijn er nog.,3285.98,3288.54
We zijn er nog.,3288.54,3289.86
Maar ik vond het fantastisch.,3290.0,3291.46
Het was ontzettend leuk.,3291.46,3292.4
En ik vond het mooi.,3291.7,3294.42
Dankjewel.,3294.98,3295.68
Dankjewel.,3295.68,3296.6
En een goede reis.,3296.64,3297.28
Vanmiddag gaan jullie aan de slag als decorbouwer.,3306.32,3311.82
Wij moesten ervoor zorgen dat zowel links als rechts identiek zouden worden ingericht.,3312.88,3318.3
"Als iedereen naar elkaar heen leutert, dan verstaan we elkaar niet.",3318.7,3324.22
C-U-C-U-C-U-C-U-C-U-C-U-C-U-C-U-C-U-C-U-C-U-C-U-C-U-C-U-C-U-C-U-C-U-C-U-C-U-C-U-C-U-C-U-C-U-C-U-C-U-C-U-C-U-C-U-C-U-C-U-C-U-C-U-C-U-C-U-C-U-C-U-C-U-C-U-C-U-C-U-C-U-C-U-C-U-C-U-C-U-C-U-C-U-C-U-C-U-C-U-C-U-C-U-C-U-C-U-C-U-C-U-C-U-C-U-C-U-C-U-C-U-C-U-C-U-C-U-C-U-C-U-C-U-C-U-C-U-C-U-C-U-C-U-C-U-C-U-C-U-C-U-C-U-C-U-C-U-C-U-C-U-C-U-C-U-C-U-C-U-C-U-C-U-C-U-C-U-C-U-C-U-C-U-C-U-C-U-C-U-C-U-C-U-C-U-C-U-C-U-C-U-C-U-C-U-C-U-C-U-C-U-C-U-C-U-C-U-C-U-C-U- op ware grootte mezelf staan.,3323.7,3355.74
"Hé, Moppie!",3355.9,3356.76
"Oh, mijn god!",3356.84,3357.46
De auto is stijg!,3357.9,3358.74
